8202.02,4481.075073373328
8202.01,2289.8302841921313
8062.01,106.43776141710852
8062.02,221.97002770204864
8063,475.6787584832862
8046.11,1218.2824223072103
8046.08,1271.191784662546
8047.09,1378.5826847259805
8048.10,1464.3057031575186
7706.01,740.9617804820467
7706.02,1428.2874251073788
8064,226.12284052323963
8065.01,197.16556354317692
8065.02,540.3979799074505
8101,70.59609898248073
8102,89.53379983319601
8103.01,256.9798842031653
8103.02,120.06194316862697
8374,39.42985925862467
8369,10.02885063871647
8371,53.89791396624571
8370,25.74825411519681
2712,19.041874432984557
8169,373.388573785631
8183,817.420813300152
8422,610.157039732202
8419.01,342.5256401101551
8420,753.7828211955455
8463.04,2169.2933317013626
7005.02,304.7593318609117
8216,592.1788708854056
8256,805.4976502774348
8241.20,1906.8275112135852
8241.19,892.6215426986189
8287.02,1409.8113316435881
8288.01,636.270560976793
8300.05,929.0980723464708
8298,777.3839421458853
8293.01,439.5787392976018
8299.02,1730.677165786556
8300.03,1399.8584375403411
8241.08,514.9578165496888
8245.07,591.3524096452838
8250,560.5357219659655
8274,449.7106885861353
8276,326.39014979535193
8278.02,190.46786082106436
8278.04,181.79824030896253
8279.01,449.31625496968934
5401.02,523.0699208430149
5401.01,235.9687975886903
8388,2134.007376588938
5502,314.9257873908011
8214.01,168.73683985491695
8214.02,277.3001390155168
8213,456.054285257629
8212,782.3882285930779
8236.05,532.590266491988
8236.02,971.6463344970127
8239.01,1921.7580575518073
8240.06,1530.1854360114212
8240.05,1535.2568433926324
8465.24,1310.4592177517047
8458.08,922.105899888215
8459.01,837.7594772780907
8459.02,1864.3398182718731
8238.01,6382.184502801764
8237.04,217.63995030050313
8237.05,282.1848098593233
8222,215.58256133452346
8225,292.4582288831743
7201,246.08106667173394
7202,413.33053649763065
7203,224.96130485814697
5103,550.4075656554551
4701,239.52855283379103
4803,66.27476650451145
4804,440.4045586726233
5001,555.9984558389717
8362,52.611825071338124
4111,23.441983420492846
4112,31.703699025623337
4201,146.01080189444002
4202,19.750672593414837
6703,29.139499218442214
6704,32.52632355509236
6705,71.3292951569769
6706,32.862442432770244
6707,29.97700673916257
9801,922.0298236732455
6403,233.97742610613955
5611,276.5539028717065
8453,703.4069829302159
8452,628.8714470038374
8454.01,743.4126034031265
8454.02,831.1959196525127
8457.02,701.5906107101168
8457.01,523.5926424786804
8462.02,502.749686396269
8461.04,494.21915501981294
8461.03,321.9810025098874
8464.05,380.02201880058783
8464.12,127.99316225876909
8416.03,2477.2275367735892
8425,271.7573855305485
8426.02,727.8761552099196
8427.03,270.796405652627
8443.01,2044.2254074922776
8443.04,453.7340218375957
8443.05,599.0593741246561
8446.02,1174.9046826924011
8446.01,2771.298010012933
8156,566.2138056495107
8179,765.7175449020459
8180,889.7301257270642
8137.01,51.8509521013189
8138.02,49.72970606352213
8137.02,24.731193957653833
8138.01,56.2802371405572
8136,65.95160655957291
8141,128.86820901669873
8412,42.376032073002825
8432,980.7003576784252
3108,28.251315662969677
3109,38.64047402193797
8322,63.28779582366023
8310,54.16198692486101
8323,179.2826001227084
2402,38.047267892070366
2403,34.51659261340604
1913.02,132.68979766701324
1912,133.6987861437099
2503,91.6026106854594
2504,260.9316245469368
8112,1188.1680675829032
8113.02,1014.314476944427
8407.06,729.5347256696831
8407.05,1033.6977103832323
8406,540.8821382567579
8467.02,2540.0859642785567
8412.10,1581.5306590089858
8412.08,2505.3920619010955
8413.26,3023.874901867145
8413.16,940.8475921908309
8411.02,1579.1022506578627
8411.03,1090.7787643487336
8411.04,1880.0879965130423
8402.01,1654.0695294432162
8400,2796.6055274817413
7608.03,165.5792808773324
7608.01,267.2069571217123
7608.02,1919.7455980804089
1105.01,62.612030139988065
1101,166.172299062927
1102,61.23439821571306
1104,100.5297959228341
304,13.866582759896176
308,24.551673812291153
309,17.3484399691426
401,82.85892888338277
8099,51.2507857791571
8070,140.81288913874045
8073,321.14449112809996
8083.02,206.3432767288174
8085,401.2013835565588
8060.03,293.66332348325847
8060.04,736.8563119679417
8049.02,958.1106686080735
8050.01,1203.2052502303989
8050.02,665.5120447665105
7702.02,4605.079657600496
7703,4518.5984365587
8047.16,862.9096808346094
8047.10,966.0700106746368
8043.10,1701.7751783125395
8043.11,1459.860679145182
8042.01,8231.170799124637
8041.04,489.96228206043025
8036.03,1667.0557189748085
8036.07,812.8025239225215
8038,773.6773954668461
8039.01,1842.369944045161
8026.07,627.4088516208475
8030.14,387.856943327242
8030.15,1168.5663825808374
8026.08,1791.1794279102182
8016.06,1557.3909250042152
8016.07,797.8484784859024
8016.08,1127.983740309359
8003,554.8050000173688
8008,623.5656832748207
8018,2051.353519767893
8002,1016.0000814245299
8001,647.0377364774386
8015,1778.7958508826234
8016.01,1402.0893972872661
8016.05,1194.1005252791317
8017.01,539.5449163231023
8025.06,930.7718519978182
8024.02,1517.1732961322277
8024.04,728.4295376968996
8025.04,1042.4499630838882
8030.13,720.5885551043881
8030.05,1124.3496861014105
8030.07,978.554677974547
8036.11,326.18667894692373
8036.05,893.5677448626379
8036.06,478.51808685039555
8036.08,2805.2484697645045
8036.10,843.8462704918871
8037.02,637.151077747137
8041.02,1887.435428766793
8029,2310.8870715238913
8030.08,962.3035893414166
8031,838.0592598181629
8025.05,1731.3240011439184
8026.09,198.21238721535406
8016.03,1323.956867525627
8019.01,766.1716860317214
8007,699.3581467413051
8010,375.8426555148815
8011,316.1224474977938
8009,415.61941180192605
8014,262.1227659759306
8022,1021.1975341516562
8021,477.9051998727717
8023,926.8157076757838
8020.03,314.12857425444616
8020.04,208.3114605087877
8020.02,720.8354093973675
8027.02,1301.7151561170645
8028.02,1458.1252695426865
8034,1861.9375953786782
8040,889.1758950914307
8041.08,397.3662890064762
8041.05,3360.2750479011634
8041.06,1020.9908062635291
8047.14,846.4623748492149
8047.01,3075.7434811483777
8044.04,313.1305561203552
8044.05,202.47953584262643
8043.05,733.2027228364994
8046.03,5142.605879344556
8051.07,1230.8791596485119
8051.08,558.8195677266145
8053.01,289.2816832026539
8053.02,393.668145534967
8054.02,495.50590624122685
8082,548.6887906922797
8083.01,703.0625091916128
8084,649.9059019056841
8067,264.28815500846497
8071,202.47143171561575
107.01,28.661133481272152
107.02,21.946179337157712
102.01,36.57208680109661
103,27.50454909560621
106,25.33872529613302
102.02,24.12561903785422
8076,438.9220119740394
8080.02,225.6250147797555
8078,324.25181985050693
8081,908.1358766226473
1202,172.95437875284986
902,355.5396796809641
8055.01,534.6210189427427
8057.01,630.8090773853423
8058.02,419.74479083147367
8051.12,846.1320187237229
7705,1734.2960676879745
8046.06,2662.8852728939387
8048.03,2701.4027835614916
8048.04,2049.6250227191363
8048.07,1184.7435553896835
8048.09,1181.8188054600614
8045.10,354.3116984753297
8043.09,482.1145503409491
8048.05,1305.0373638782198
8048.06,452.55210326866995
8045.06,753.4894498059415
8045.07,2559.755491558952
8413.08,5044.602901608212
8413.15,552.2497106486538
8413.20,403.00269213545806
8411.08,1393.2095065409915
8410.03,1171.6221803597261
8410.04,960.0925361748366
8401.01,1739.7449335712674
9800,5334.773690153975
1003,384.0966245500283
1005,371.2441810763562
1006,228.75949219253218
1007,246.04083810583145
8318,94.17588159930423
1301,98.04392303931212
1303,35.68496359568163
8319,20.834480011089294
505,38.60499508572334
506,18.2531354250033
507,10.572857071703865
603,17.690922257820706
604,19.41097602055524
8311,137.62617678882918
1608,58.09469404511269
1609,71.21178820016587
1506,173.65095089304526
1507,115.53667796832977
1511,98.49722203187602
1512,182.77751364626528
1703,539.9017562570663
1710,1122.1141715188858
8116,668.3491393933816
8117.01,1569.8600045203623
8407.03,583.4096988276244
8407.04,738.4235521797445
8408.01,622.4336647802811
8401.03,1068.7224708323185
8401.04,657.9638354391775
8403.04,691.9296129941908
8403.03,272.8427091596124
8402.02,1040.5356008292267
8411.09,720.1304384047097
8409.07,1607.7755888218494
8411.10,1038.4160684033332
8411.14,3026.3057739369883
8413.22,661.5555696375369
8413.27,2374.3634702166255
8413.10,2797.472489410511
8413.12,1958.0279473899207
8413.24,371.51312849019354
8412.05,727.5206990980683
8412.06,1244.7145853135025
8413.07,1063.917186391439
8409.08,1869.5224858487595
8409.10,1436.7194712664948
8113.01,686.8946062345941
8118,794.8091430758726
8316,615.9685289653565
8109,299.516767795199
2505,361.4335348927365
2209.01,28.46893951711008
8312,62.22219268483596
2227,22.14306867806064
2228,10.343678839819326
2229,20.207383143471517
2302,17.607468850463817
2303,9.35403613907863
2304,30.814722544600627
2307,55.39096783128938
2308,16.965705970283633
2210,21.055064197880085
802.01,15.922883027654827
715,162.63313547240054
801,31.269028812646102
8391,134.63870645950135
3204,124.33576957030004
3201,106.69669498128859
8381,83.049195795186
8378,89.41547602443244
2430,32.54692419760248
2431,40.859768459179115
2432,43.98596428033649
2804,59.04742458673171
8368,45.597632912531
2601,15.886617249650408
2608,15.209657974364923
2705,25.740432854174855
2714,16.188447342345565
2514,74.98838183710916
2515,65.94994080873322
2519,45.933048823561556
2520,55.20142289444767
8123.01,107.16063299029946
8128.01,57.8120654109307
8128.02,65.5819505460439
8159,131.55875168172687
8127,99.88695779756809
8172,299.8253773156334
8173,200.60293143058428
8175,444.96653566436413
8439,811.2035258948844
8440.01,417.4854353553244
8440.02,539.6434579760694
8437,795.9846445103809
8438,802.9619262713578
8435,854.7967627429175
8436.02,379.82205380822666
8418.01,493.7987218103589
8414.04,708.170220283426
8414.01,1182.7754010971516
8414.03,739.0525141352701
8415.01,2116.0900745910294
8416.05,3583.141941747425
8426.04,573.2121376826613
8427.06,1684.4237819581938
8427.10,571.5598886259872
8445.01,1075.473062247865
8444.02,1817.1678250196624
8443.06,582.8463440782679
8184.01,1739.684700636957
8184.02,328.33112627437833
8161,1091.28604583433
8148,201.2506974868798
8434,821.135557617985
8414,9.63783769823091
2922,16.231464816846696
2924,13.392263565931305
3005,11.243632892837876
3006,13.057696079022548
3007,14.004916882441137
8411,123.17510793233299
8410,127.3306426467806
3301,383.2167760426408
3302,79.25222810091354
8364,138.77694220481393
3901,67.06485927503545
8359,37.749807058603814
8355,72.23985829400131
3406,37.769009649664696
3514,20.446559881366493
3515,10.398381522147274
3805,9.06471919155056
6103,469.4442300962998
5701,185.09340273936235
5803,47.45749267923793
5804,151.62395849128472
8207,767.877319107576
8208,1188.1833906518764
8157.01,290.6918062353766
8157.02,556.4496078502274
8191,484.86906071203634
8158,354.68113825627364
8187,295.26570876224673
8188,386.5552130289113
8192,494.42257177671604
8193,230.00846317256307
8197,595.2254869053303
8198.01,527.6058279401825
8447.02,1108.815339831662
8445.02,981.1156308532273
8448.01,721.409575333024
8444.01,1191.1348648547128
8448.02,902.8808722754683
8460.02,2159.737190323849
8461.02,529.7211063866998
8427.11,827.2768798177075
8426.01,1142.731720134871
8416.06,314.841399214866
8464.13,377.17132388336256
8416.07,477.6565484480784
8464.09,1121.3566859447774
8416.04,2753.6289452919277
8465.07,370.30747522939623
8464.08,400.8557908161085
8464.11,445.1619619018502
8464.10,115.9703596037612
8464.04,245.2483174862907
8461.05,197.92754783773512
8463.14,514.3107209968708
8463.15,751.7119367729056
8460.03,739.7814651308101
8455.09,444.123851984476
8451,983.3658707458875
8450,551.3126988571285
8455.10,248.8213537061322
8201.01,1465.944164438204
8201.04,671.7165110464679
6404,235.63289469910552
8203,380.864028643958
8204,634.7464223691572
5610,295.1054985640025
6501,190.1037755527575
6203,217.2599887306046
6204,131.10563456204574
6309,126.82364373549598
8345,26.524305116603337
8346,87.67793535574044
4005,18.785319402884067
4008,25.930895588851058
4601,1166.2740968266053
8418,110.96670640221906
8343,139.44930596921492
8342,72.8716791334588
4304,47.043132936588506
4309,45.083869276459254
6915,45.6895124982797
6910,29.433312611192893
6911,23.600773158158585
6912,33.74950877150181
6913,28.11502578499336
6720,70.96876776119484
7104,75.41638887121945
7105,57.90250865107016
6504,339.54918722995444
6505,856.535314282267
6611,350.67560009723286
7001,423.5061817732097
7002,320.97661356422293
8209.01,2423.9931195456443
8209.02,486.86849574390845
8205.02,685.7446553423051
8206.03,492.22393214470617
8455.07,481.344144500107
8455.05,517.0033154076823
8458.02,581.0151548107351
8458.10,357.40785974400563
8458.07,1172.9997810871891
8457.04,517.713968508359
8457.03,461.7973264624231
8458.09,790.8320439030157
8463.05,913.4508192193637
8462.03,313.55901429738634
8462.06,113.39212710421005
8462.07,181.12273727472535
8465.21,246.5298886296191
8465.22,196.11300612836052
8465.15,273.546581695685
8465.18,309.618308167358
8465.10,212.25391326441903
8465.14,459.83486588917316
8458.03,4227.7261191343905
8237.03,872.7823263215681
8224,344.935736423353
8229,123.8083551148594
8221.02,298.46151763808393
8217,205.08679387841352
8424,492.4962932868805
8340,154.05004006442954
4406,74.05999348859348
4903,96.82845637506901
4610,217.67586227737854
4805,498.7516101852836
5101,527.3408989031336
5202,263.6112813650125
5201,721.958253470314
5203,115.34921237658773
5206,83.07454188397759
4914,206.79638294246183
5301,132.26772119768538
5302,255.86340285037585
4913,154.6601077150328
7505,486.32995626211306
7502,185.0225974270632
7404,1353.0804898586116
8233.04,1670.4091986107676
8232,1529.6290279858931
8230.02,333.5786583265413
8231.02,580.4692667256465
8226.02,437.7939961504952
8238.06,445.5204851030608
8231.01,251.53240402808055
8238.05,226.87096996655822
8238.03,851.8736342672204
8240.04,2478.3599995702302
8240.03,273.87425451464657
8239.04,518.6749307142575
8236.04,436.593129424905
8233.02,1759.5453263841348
5305.03,126.01600679894896
5305.02,60.254446859638236
8215,463.37694562448354
5501,490.9897851420526
8258.02,105.98491522942933
8259,111.72062391616925
8260,133.207926321913
8257,335.29083752950413
8263.04,100.14244486606898
8264.02,153.30607544670016
8272,409.6818107823889
8265,295.4714901072288
8268,1374.6260562157752
8248,854.24492262758
8247.01,247.8070600033559
8246.02,328.0880050172717
8247.02,318.8205261259546
8245.06,812.5782601559054
8246.01,478.49502514547663
8245.03,2042.6795550020381
8241.06,1342.6348488532642
8241.15,508.5927791908993
8241.13,905.7216936148096
8241.14,905.6363247097134
8241.16,1578.4297827603248
8241.23,487.4161820588721
8252,237.19270348259894
8275,982.2089188117174
8262.02,189.57020019159378
8261,280.56577807685187
8262.01,528.064709984101
8285.05,1390.8236687958015
8282.02,303.2849175740213
8281,241.09437670597652
8283,1751.9512184115565
8282.01,450.41854152444574
8286.01,489.9598090766518
8255.03,800.8751981977298
8284.01,695.8611178742058
8255.05,695.6494338719963
8255.04,375.10443455618486
8254,875.0546493446195
8299.01,1730.397515992058
8253.04,273.5606333986854
8241.17,771.1484938814729
8300.04,1076.9314572002477
8287.01,973.6292175518569
8289,400.77261616478853
8285.06,1080.7038048161612
8285.03,881.4598744321663
8285.04,982.9017233415678
8297,1779.1615711492645
8290,266.0384489652538
8291,275.3768824984604
8294.01,130.965910612154
8293.02,242.3331149390713
8294.02,626.4981784491242
8302.02,397.5993134566693
8300.06,733.8135855616075
8302.01,359.96076858361806
8300.01,368.94058346607585
8300.07,478.1244745842175
8296,155.45138613740613
8300.08,1585.2027953693726
8303,278.1143571471807
8304,292.09531697471743
8295,524.1963658698816
8292,327.8427184779245
8301,204.51748420259963
8288.02,231.0882120180359
8286.02,382.3204990406705
8284.02,725.8799179563009
8241.22,494.53932398043065
8241.21,229.92629262065932
8253.03,221.20710270230862
8253.02,679.3649392697158
8255.01,785.5560373005653
8277,227.69920127258928
8278.05,386.51928376699584
8279.02,384.09726755162905
8280,267.11639358980557
8278.01,317.0744883363921
8241.07,536.867798060341
8245.05,296.74492435315443
8249,820.8465960404195
8269.01,226.5198460102285
8269.02,119.1833016454818
8273,200.58008274183842
8271,204.743128877041
8263.01,222.63399674454837
8263.03,136.10490819387968
8258.03,128.4714891436141
8258.01,184.656375461126
8270,188.73040977163646
8241.05,980.2782084722004
8244,645.1516638986413
8243,921.6091771117492
8266,121.21867097549388
8267,99.33070950776938
8264.01,222.29087596497337
8234,2085.898599318561
8235,343.92419328956566
8236.03,657.6060495896342
8239.03,964.9919516141111
8233.03,652.1904761654143
7504,157.21240185990956
5304,243.54735644798964
5303,281.5459626866934
5305.01,171.63468635402586
5306,125.61344350936601
5205,82.84226133259284
5003,172.2655690951128
7501,363.9856708321098
7506,312.7784426428451
7503,76.37847678140899
8228.01,259.64212137161707
8237.02,528.3372945599366
8230.01,550.1021531681719
8223.02,241.66936027406604
8226.01,276.7671210448825
8227.02,279.1126426936183
8228.02,366.44231875394695
7402,465.2911980190883
7205,186.2591987293734
7204,126.87939518790775
8219,359.4853350016437
7206,108.13464131153256
7207,298.34541040735814
7306,412.3623610537916
7307,406.3754860397105
4909.02,318.3823162537066
4909.01,228.89084950475484
4907,159.31971505504063
4908,263.5951407535464
4910,327.16325587339776
5002,522.6914951751239
5102,268.9500792949002
5204,91.19779073701208
4408,34.67020535743936
4409,98.87571227278559
4904,39.495322372665605
7302.02,122.88341216965095
7302.01,104.89314452654256
7304,276.4949796275001
8218,367.2325060099562
8220,148.86718254816054
8223.01,218.2059425279721
8458.05,623.3768903529196
8465.11,331.11853785242675
8465.13,241.3017783043101
8462.01,238.28439544109253
8463.11,584.7640512339957
8463.10,268.49809162506006
8463.08,424.80445163152933
8458.11,509.9158592044544
8206.06,506.8487500177451
8206.05,281.63365234630373
8206.04,532.1004084307867
8210.01,340.71752734117655
8210.02,375.5363257386533
8211.01,274.18649829171466
8211.02,321.4194557928161
7003.02,178.09649413126107
7003.01,187.329305627696
7004.02,199.46644618919652
7004.01,267.99400601062285
7112,102.87715852186437
7113,37.80417527243685
7110,60.25393403460486
7111,51.512582043845754
7114,79.59401356509662
4403,76.83181118250688
4402.01,29.85428912520026
4402.02,57.55269851863316
4401.02,52.17439841138663
4401.01,26.55291345523029
4503,149.23528812263353
4801,130.41989548059058
4802,36.54478561234921
4603.01,130.83627056979242
4603.02,144.02294620441148
4604,136.01047051100386
4605,150.91497478671684
4606,80.12448765126896
4602,160.27095972288808
4607,135.24299836558208
4313.02,112.18200812825317
4313.01,86.08981033788834
4312,103.80586315432515
6909,36.653682713309394
6914,35.96512496710913
6718,19.601098400193646
6814,31.62894508682387
7102,36.43729330857836
7103,17.344786471850956
7107,29.46941749988462
7108,54.62140320542349
7005.01,295.862520883544
6610,145.68711304662557
8205.01,1343.5614954282948
8455.08,544.3629396246188
8463.07,649.9183719328737
8463.13,1070.019595264709
8462.05,164.27078522917185
8462.08,126.20200882793209
8465.23,159.30164404703046
8465.17,368.63083332616185
8465.09,287.5891772500031
8465.19,310.9702577590504
8465.04,362.71319622187076
8462.09,145.6626856555138
8463.12,664.8769956480244
8455.06,310.3228741446696
8455.02,561.2305463643241
6503.01,301.49483631510435
6408,109.92849466494852
6503.02,223.4196873593326
6605,243.6938471403817
6609,566.4134377593515
6608,179.2910437997741
6713,33.490464447885266
6714,37.43404445749746
6715,45.336690414185085
8349,42.701150194243034
6716,27.55024295987613
6810,38.80270118946222
6811,33.65168353992138
6809,48.36980386443401
6812,32.79558952385275
6903,20.39210717136384
6904,32.79124164043542
4207,38.405215384893694
4208,20.829952187882398
4212,19.447375407489407
6905,18.293664211839875
8344,37.43247562042449
4302,99.92376808781027
4303,34.39829534748168
4301.02,280.11984967140825
4306,85.57829228323773
4206,13.97948213365719
4003,83.39105608599485
4204,15.493492400223777
4205,14.580993490140852
8347,33.24639834386693
8348,33.34591753813787
6701,21.296150469153154
6708,28.108286271951247
6709,23.682483755280018
6805,19.460138049769217
6806,22.332344086307906
8351,147.90071363959288
6603.02,129.0268718577667
6308,126.85708758890331
6401,101.76927390737853
6502,272.23888210201375
8201.03,683.7706962208597
8456.02,583.4660833416359
8456.01,460.18774446293384
8460.04,872.4479870718194
8461.06,500.0295277870375
8449.01,359.40248963454354
8449.02,773.8844425737992
8447.01,622.1408607558246
8198.02,370.3239152775035
8199,468.303123299233
8200,397.3172397038304
8194,391.0949288292302
8195,376.6046510976387
8196,373.64927822722007
5609,306.21270256988964
5608,287.4466981352133
5607,152.19741079837155
8352,207.7162090460881
5601,119.96343702861839
5604,62.446903954573116
5702,266.98087059064045
5703,161.6373954794073
5705,73.62038324975806
8428,772.6060605883974
5704,46.55057571936512
6201,94.17766711728996
6303,104.15548049496473
6302,78.64259390999099
6304,87.53554840031207
6113,42.245278231471715
6114,43.75186253968616
6115,64.41671553450814
6116,34.65229314317907
6117,33.09566747889949
6118,30.495517177650942
6110,58.71446760144939
6111,38.80250378091881
6119,54.141086556473816
6120,23.214206625272258
6121,19.615669207908674
8361,58.28857507650451
8356,74.76648971793699
3814,24.922468854498373
3817,16.174959626133703
3818,23.718669524101614
8363,10.104677751287577
8436,31.782003194136657
3812,20.068794709148357
3819,12.523367476748707
3904,26.190917123937353
3905,26.97132403837586
3906,28.999892074655577
4102,5.357497717841817
8360,39.982835942954615
3903,28.276097272078154
3511,26.64239936854118
3602,20.33215773794928
3801,35.884131012141836
3802,14.849986812385845
8426,751.6411074261418
5805.02,61.68218428713532
5805.01,53.839748025601864
5802,68.22413116881947
5806,62.1800124296867
8305,344.07038674575296
8142,223.45119533391346
8189,354.07331528371344
8190,1530.803514350515
8427.02,342.7552674683746
8427.04,360.8639139476361
8427.09,580.6406722519692
8427.08,490.38027801590954
8185,1372.479587396392
8186,574.4362442478327
8154,177.65813944060008
8152,158.21873698470927
8155,188.7600511817386
8145,121.92983116835697
8143,93.12633800655911
3018.03,17.271291544146433
3018.01,39.63616886959593
3017.02,18.41242169575022
3016,18.15154301661672
8403,73.8757704469979
8404,139.41007723579963
5905,80.3528736443051
5906,63.96513325093668
5907,215.7653649364082
8397,115.36776260362225
8399,240.05448836735124
6009,56.39712423991664
8395,21.18859626870389
8392,64.50727041158186
3404,31.36204301768378
3405,43.946156325091344
3504,20.44613498966749
3501,73.63918696760629
3510,116.81923461474422
3103,31.207876664843752
3104,11.813044524234488
3105,15.638381199505764
3106,50.0290554784626
8431,543.1414953443111
8417,12.962433124944653
8407,30.91870039758835
3008,14.303964018494128
3009,17.137022489216438
3011,11.979632959016442
3012,28.982352092395423
2925,45.93980915299188
8135,95.50299500873523
8140,68.05092181629942
8146,124.8036110779783
8149,84.86306533551554
8150,73.22736391386219
8151,82.01614275043217
8181,346.58776620689355
8426.05,276.818996343887
8426.03,237.534858658735
8419.02,194.6339935898977
8423,622.7000246745022
8421,895.152579704596
8417.06,1353.739261358123
8442.01,711.6444149983215
8442.02,458.4724536864013
8443.07,784.1783978362203
8441,495.50178989557656
8177,385.2627469406914
8182,559.999517676303
8176,228.83505584834717
8129,199.05133097862833
8132,198.37573536459587
8130,114.00996666425658
8131,152.40146593450402
8314,120.46639195132771
2521.01,52.45816026092075
2521.02,30.392554903771625
8430,786.7312070232624
8133.02,39.59785851909299
2610,24.41190302846393
2909,48.18774833005732
8387,27.791650690867723
2609,10.341150689691226
2715,7.652226008286247
2912,14.304846283608182
8415,19.243301431144452
8386,12.718015062336113
8373,18.55026490684628
8433,33.74450302881334
2718,11.368798028969461
8382,92.43356299549674
8380,45.144113911432164
8333,39.03569741359408
8329,36.87014015428004
8419,228.67434532119643
2832,19.07872974475712
8390,50.02160892266261
3206,94.51958029971968
814.03,181.9663696999934
8330,168.0592347812503
2434,52.72244082650065
2435,105.35442872858566
2522.02,37.19198512017334
2518,70.95349546293907
2602,16.195491856840768
2603,18.07940390525862
2604,18.993838086540634
2605,17.95735560785907
2606,16.290121975668963
8125,130.51814560767463
8126,79.59104450291531
8160,240.0337753022431
8120,641.8024785562737
8170,569.196852157888
8171.02,438.6884747909426
8168,1160.3816920849993
8436.01,443.07857732403744
8418.02,451.74118827877066
8417.04,1458.4234083498952
8417.03,856.4470156032364
8417.05,1274.2425428745491
8433.02,435.4951331580238
8433.01,550.1404758704174
8429,716.8579465217937
8165,899.8468617573999
8167,268.8234525889296
8166,227.71765281524534
8162,601.4453955545662
8164.02,290.7149016365778
8174,306.89864955611813
8119,837.8704768398487
8123.02,126.77319414218088
8122,268.1512226977858
8124,226.05984694648077
8121,162.29079499223923
2506,85.56944700459003
2507,74.0459552988818
2512,69.29893577272402
2513,78.86042248616427
2510,45.766323306034025
8366,48.07017430629469
2311,12.933026283594765
2312,47.81461689802776
2315,61.35463288006617
8367,91.40687505489501
2409,78.23708083613184
2426,40.75124943328299
2427,13.859546688209935
2428,35.18798577440687
2414,80.40172486135731
2415,63.27974051992963
2420,58.565230116431934
2421,48.54285323020277
2422,44.05839664852859
2423,34.3507415273136
812.01,23.980289175132928
814.01,33.39672738197209
810,39.89375150226364
811,13.08437423450057
813,24.437067836714398
815,37.19000642671805
816,16.73245391568723
817,48.20940587506048
8326,131.59939595125937
8325,150.20590702635636
710,53.65150365867198
711,46.45616511279558
8324,38.30728323920633
2213,35.147322033593234
2214,40.924911653196695
2215,36.06343595179384
2216,48.04650502693781
2222,34.373898967935766
2225,15.039947477837751
2406,17.38816256450592
2407,16.471528153685256
8313,62.203100500770006
2004.01,51.56623867257787
2004.02,42.155310428295444
2305,54.8683768923253
2306,96.63397591746804
1910,58.15025603659883
1913.01,150.49001171653134
8315,508.76634019135315
8110,696.9552381062807
8111,1814.169063655928
8413.13,1799.3064404623228
8413.25,882.1235253285288
8412.09,1617.012171749712
8409.11,873.6270110012897
8409.04,2326.9105750386566
8412.04,1965.617881963852
8466.04,953.434700523926
8466.03,293.1111192024218
8467.01,544.6172838858165
8117.02,537.3568010174105
8114.01,333.084017831526
8114.02,371.0537833017988
8108,532.9764258500327
8107.02,339.03012637641336
1801,909.4175880838515
1906.01,203.9466025330276
1904.01,314.6725047347288
1907.01,59.05910486064674
1906.02,149.95105868404852
1904.02,191.57858312973553
1903,132.3762344285408
1909,47.61514012016691
2001,77.61960587633676
2002,103.99792113338418
2206.01,18.82979624363187
2105.02,36.83411942651425
2206.02,45.435942018569136
2106.02,36.73118559406829
2207.02,61.554339490512014
2207.01,27.714497742693872
8309,124.9137249323001
2108,15.378943123443936
2109,55.21864776231982
2203,34.40587752196728
513,31.571370562189493
514,34.80942672420306
626,32.37505928364675
627,31.67017742720676
707,92.9804113152523
628,31.9054920963701
629,33.21160647976973
630,32.3370923409156
703,39.272164618037195
704,42.50364972079372
705,42.676238851587826
701.01,110.01170817427766
633.03,21.962506379802107
714,117.1074896100046
8321,13.710795385959958
8320,11.827809918418358
605,13.567066568403797
610,11.777462451996664
611,11.737761601538049
612,11.160567169346603
615,10.70201531474074
621,20.294414078686284
622,20.358829596826258
1607,57.21014783312073
2101,75.07977610298384
509,11.207068628695934
1510.02,99.15224899063328
1610,52.808046306661566
1611,71.07228714803597
1612,66.31807363014835
1613,60.0518525790374
1702,249.52304436545262
1711,369.11014581073164
1705,647.6451759630855
1706,276.3535549451086
1707,301.5767541403219
8115,650.6764447506399
8408.02,644.1544437761752
8409.06,603.7375362831646
8411.13,1333.39379595547
8413.23,495.30433870499223
8413.18,887.537994967208
8413.21,746.084809458903
8411.12,918.2522331882412
8411.11,1214.4550800807338
8410.02,1690.2553965017764
8409.01,2025.6503415946281
8401.02,285.8076561714291
7708,1094.7037951080845
8105.01,710.1954466100774
8105.02,535.0747559091669
8106,298.45490748081477
1505.02,157.1705796095211
1504.01,110.44894298270265
1505.01,81.96794251855438
1504.02,144.3923270676075
1105.02,52.235255843321724
1503,222.84692493137823
1405,34.89363039973671
1601,48.93083160259082
1602,97.65149563472505
1603,43.412074131210375
1605.01,26.12275414593951
1605.02,24.56095651260666
1406.01,21.73103683118685
1406.02,27.93260357207958
1407.02,28.553951583195943
1604,60.74035374560867
1606.01,22.461402382683556
1408,39.56374001366065
406,15.449456322967835
407,16.94883407138668
408,10.538232905587053
409,15.232700647393584
502,32.6429815558524
503,19.14504320515823
8308,16.502531349943894
318,11.396223021465303
319,12.929585888578247
501,17.488584396291035
602,16.781675857985196
315.01,7.597380484177027
315.02,7.831926230239661
8307,44.41820401740505
317,23.38459979090002
321,22.71841853672014
306.04,12.75030226617554
307.06,27.179573076454222
307.02,0.38519996529233547
306.03,5.080650033920153
307.01,3.2361095924232433
307.03,9.196362052763378
312,14.820566735322759
313,39.35826251586885
402.01,34.10326094358988
402.02,25.045600743597127
208.01,27.464243601336292
1203,99.24376019915135
1302,108.26988424676334
1001,149.8064181042313
1103,154.73390762833307
8104,420.907172411485
1004,165.51965753444318
7707,1196.3347477120858
8413.14,661.0231179179696
8044.06,1074.5353913588663
8045.05,432.30236093271145
8045.09,378.66073090345776
8045.11,230.29724821681577
8046.07,1747.1937883551886
7702.01,952.3009930560356
8066,674.6100632267019
8057.02,368.26339788568345
8056,396.5318981358128
903,89.74070639485187
1002,347.3489621653228
1201,300.9908803371365
8079,160.55923376753486
8080.01,189.6559894967573
208.02,32.4023580160291
206.02,33.24350915837848
209.01,22.64827282158208
205,46.087808714450084
209.02,22.326589890156164
8306,34.71208087171314
302,27.64033526704096
303,13.598804298041058
301.02,6.926768392424612
301.04,7.440672409083353
8100,127.07703275229477
203.02,59.1521424351196
201,38.487443493342965
202,166.77033852638453
204,42.818690300591044
8055.02,468.23092499073346
7704,1650.7571283883208
8046.10,793.5802673573253
8045.08,128.47317670917778
8043.06,495.30995580431664
8043.08,594.4903757987287
8047.11,630.6491004719871
8047.12,829.6559162771784
8048.08,734.9688726717905
8046.09,1739.8625170516837
8051.11,1233.014151652964
8058.01,413.20167766194146
8059.01,694.1323526302847
8059.02,813.6446526483619
8054.01,807.3843475159139
8077,235.68367243711384
8072,302.3565584893476
8074,168.43677040021996
8075,100.4255814529369
8096,164.6833888222343
8092,172.11655896016447
8068.01,305.97227138244915
8068.02,123.1153530808961
8060.02,464.76678591635954
8061.02,810.0617695511747
8044.03,402.7153502738058
8047.05,616.3137934430617
8047.06,614.229290228063
8047.13,696.9460323796156
8051.05,1166.418433642508
8051.06,756.8017242357149
8051.09,1102.1979109848842
8051.10,955.8848570417889
8049.01,1042.8284070894606
8061.03,762.6716243174028
8061.04,849.0266885854624
8060.01,439.05321773166816
8052.01,483.7645068433588
8052.02,412.44132860803967
8086,831.3805116929733
8069,396.08896884769945
8089,241.22547216560454
8090,302.16987691521456
8088,301.4156478764469
8091,269.0991745271842
8013,309.73734878126044
8028.01,1576.5988614478497
8035,1558.6442367205925
8041.09,735.5518775515678
8042.02,2217.3750532683766
8039.02,770.6401909446881
8032,1216.8618653296935
8033,1128.9300403618213
8027.01,826.1507571480508
8026.05,1207.7103106814698
8026.10,268.09176633377723
8019.02,592.3245561836088
8005,509.6458173484946
8006,305.64118129130054
8030.17,1084.2701384238355
8037.01,293.45121350414047
8036.04,587.7679286436903
8030.16,388.86822304907247
8025.03,657.205891260801
8017.02,694.8416962943566
8024.03,175.81652091257428
8030.12,526.8529988271159
8036.12,212.1016172323158
8030.10,800.8388183101736
7403,470.8630429742035
7401,191.36957817415134
4911,345.4410666389477
4912,155.56169554763304
4905,293.8393859713138
4906,148.0015644522756
7305,322.08293871487797
8227.01,182.50299833695647
8221.01,296.31169469848686
7303,25.364267719569447
7115,82.51828600220239
7301,113.00500833006276
4407,33.44998084805237
8339,238.88585320549092
7109,91.03329192363223
7106,11.86095729833853
6719,20.391850755255085
6813,26.547199803515042
7101,10.505022540636684
4305,48.05251147854194
4308,67.79652034663752
4301.01,78.1886673616672
4203,15.92508549599583
6711,18.764502790898018
6712,19.44300815155841
6606,171.14440681566373
6607,43.07680517008484
8350,167.38870380591374
6603.01,47.346246547642764
6604,186.7805613844208
6407,244.06286064101624
6406,109.43944178601724
6405,97.38238310839088
6202,102.78465875988022
6305,88.54130999415239
6702,27.65114578274806
4105,17.272251747947404
4106,17.97057964990183
4107,21.382890143738024
4004,17.31834062693679
4108,21.021065174937057
3902,27.048088198126145
8358,20.311972095275713
3807,17.86159893125163
3815,8.262332731141871
6108,31.997219604852212
6112,41.01229716964468
6104,32.863286947287364
5808,26.193204207115812
6301,62.528052260334874
5807,76.13650960335883
5602,119.74829245622419
5603,129.74209191671463
8144,190.01936087422948
5801,73.08598853612023
8357,14.16133638934419
8396,22.24197942819485
8401,38.5716160562526
3403,24.200880646302892
6004,41.26860429016237
8398,37.82257932422505
8402,100.00383716034699
6006,49.695293276169416
6007,55.57635237032844
8413,85.42827937769177
8408,18.8958836534539
3017.01,14.224334906639996
3018.02,15.535665294498155
8139,71.16060435323897
8153,93.54162348592561
8147,139.1436217106778
8134,96.21712560251615
8133.01,43.53782957399751
8416,6.883796748519778
2916,13.234478568877607
3107,14.360539451432263
3102,31.761236177817384
2838,31.64070543681584
8331,92.97845570329116
2819,45.53191961870394
2831,17.916163685740408
2808,17.24264645665163
2809,9.479063033729545
2827,28.037226363127623
2828,11.740724550650024
2713,16.88203996556874
2607,15.402262729709493
2522.01,20.852611404086193
8171.01,272.79109527433747
8415.03,159.38373665136479
8415.04,193.75500079172235
8164.01,177.39716275345518
2516,45.008822516587415
2517,41.859569102081686
2433,51.04573687561599
2429,29.964876245174693
818,103.4829606950537
2801,72.3814173020448
802.02,18.727978623490927
803,46.81169684689959
8383,50.007624752077994
804,45.67395082307418
819,21.4214491374698
2416,61.978148273540256
2411,32.70397366753354
2412,35.596351712985346
2413,18.063763946094554
2424,32.03307283338735
2425,27.23466049584703
2410,20.344709434968863
2309,36.946024095820434
2508,59.567902540404376
2511,50.1438827507859
8163,259.97892884309385
8412.07,511.3860088865615
1907.02,80.18034405665145
1908,112.25145618107844
1911,121.84856168750379
2502,63.18971465464902
2003,30.87408683715447
2209.02,33.123710601814054
2211,43.51430774090994
2212,34.28362138010695
2226,15.409730831171533
2301,15.064446431575714
2204,32.26592866844293
2205,32.777880249422715
2408,15.732956758955433
2405,34.997210453014205
706,49.23780983811398
701.03,7.088943210716247
716,18.229048305039935
718,45.10818581147937
702,37.20867757781357
712,39.50308079831369
713,33.55952732356945
717,20.726563794526072
632,63.200899470411244
633.01,8.977130581052627
701.02,13.019084688311686
633.02,11.388967661387383
619.01,13.05671988039428
620,18.542516533835744
631,15.047185587915111
634,15.391822196421623
623,12.839201836061601
624,12.227430164881115
625,11.532124900396212
510,13.576312623816897
511,12.637104994741359
2107,46.998299744471865
2105.01,33.37205573917193
2106.01,26.87785633255809
2104,49.6513189094169
1901,51.93284430541254
1902,113.65274390301441
1510.01,48.477174127141936
1708,426.3532217868975
1709,211.49477964044172
8107.01,346.9364873556019
1704,343.70842749334065
1701,195.23641325036002
1502,165.51740624857013
1508,105.22305580949896
8317,70.86806906104847
1606.02,31.353601341664113
601,17.754592078726045
508,11.169018906291084
512,11.807506907856247
608,15.119292997522745
609,57.56993293769204
619.02,46.93712522815824
618,6.484104461723782
311,25.14055596632962
404.02,27.227194089781186
310,19.35734522773934
404.01,17.696789137805684
403,36.97087249398686
1401,15.272903888543402
1407.01,14.394486702275179
1402,22.68169054363264
1403.01,10.2539640276231
1403.02,24.47184693486811
1404,75.6146857620708
1204,73.14206488319562
7709.01,307.72015543982013
7709.02,249.2999954391829
207.02,47.970283842490915
207.01,28.605557194091446
305,25.08934879814157
306.01,9.307985753197418
105.02,8.912254460109365
105.03,8.979706377665424
206.01,42.40890312009698
203.01,79.06770007398954
901,239.87626322913275
101,25.903313383774403
105.01,10.489786997410373
8098,55.173663879855646
8097,156.03132825765525
8047.15,353.6028777413208
8093,110.3403120000655
8095,73.77345598453292
